Website URL,SSL Certificate,Keyword in title,Keyword in Description,Keywords in phrases ,Long tail-keyword,Latent Semantic indexing Keywords,Mobile Optimized,Outbound link quality,Outbound link theme,Sitemap,Multimedia,Image optimized,Duplicate Content,Relevant Content,Page Loading Speed via HTML,Rel=canonical,Grammar Spelling,Broken URL,Keyword in h1 tag,W3C Validator,User-Friendly Layout,Parked Domains,Content Provides value and unique,Site Architecture,Breadcrumb navigation,Youtube,Link from Competitor,Redirect Page,Page Level Relevancy,Link from Hub Pages,Core web vitals,Syncytial Content,Site updates,Quality of Internal Link,Link of bad Neighborhood,Big brand preference,Amp version,Contact Us Page,Page Speed via Chrome,Schema markup,Ranking
https://www.scnsoft.com/services/web-development,3,3,3,3,3,3,3,3,3,0,3,2,0,3,3,3,3,2,3,3,3,0,3,3,3,0,3,0,3,3,3,3,3,3,0,3,0,3,3,3,1
https://www.appnovation.com/services/web-development,3,3,3,3,3,3,3,3,3,3,3,2,0,2,3,3,2,2,2,2,2,0,2,3,3,3,3,0,3,3,1,3,3,3,0,3,0,3,3,0,2
https://digitalmarketing.pk/digital-marketing-services/web-development-services/,3,3,3,3,3,3,3,2,2,3,3,2,0,2,3,3,2,3,3,2,2,0,2,3,3,0,3,0,3,3,1,2,2,3,0,3,0,3,3,3,3
https://www.intellectsoft.net/services/web-development-services,3,3,3,3,3,3,3,3,2,3,3,2,0,2,3,0,2,2,2,2,2,0,2,2,3,0,3,0,3,3,3,3,3,3,0,3,0,3,3,3,4
https://www.buzzinteractive.co/web-development-services/,3,2,2,2,2,3,2,2,2,3,3,3,0,2,2,3,2,3,2,2,2,0,2,2,3,3,2,0,2,2,1,2,2,2,0,3,0,3,2,2,5
https://crustlab.com/blog/web-development-services/,3,3,2,3,2,3,3,2,3,3,3,0,1,3,3,3,2,3,3,2,3,0,2,2,3,0,2,0,2,2,1,2,3,3,0,2,0,3,3,3,6
https://www.navicosoft.com/web-development-services,3,3,3,3,3,2,3,2,2,3,3,0,0,2,3,3,2,2,2,2,2,0,2,2,3,3,2,0,2,2,1,2,2,2,1,1,0,2,3,2,7
https://seomyagency.com/web-development-company-karachi/,3,3,3,3,3,3,3,2,2,3,3,0,0,1,3,3,2,3,3,2,2,0,1,3,3,3,2,0,2,2,1,3,1,2,1,1,0,2,3,2,8
https://www.tekrevol.com/web-development,3,3,2,2,2,2,3,2,3,3,3,3,0,2,3,3,2,2,3,2,2,0,2,3,3,3,2,0,3,2,1,2,3,2,0,2,0,3,2,3,9
https://invozone.com/web-application-development-services/,3,3,3,3,2,3,3,2,3,3,3,3,0,2,3,3,2,2,2,2,2,0,2,3,3,3,2,0,2,2,1,2,3,2,0,2,0,3,3,3,10
https://www.netguru.com/services/web-development,3,2,2,3,3,3,3,3,3,3,3,0,1,1,2,3,2,1,3,2,2,0,1,3,3,0,3,0,3,3,3,2,2,2,0,3,0,3,2,3,11
https://www.itheight.com/web-development-company-in-pakistan/,3,3,2,2,3,3,3,2,2,3,3,3,1,2,2,3,2,1,1,2,2,0,2,3,3,0,1,0,2,2,1,2,2,2,1,2,0,3,2,3,12
https://logodesigners.com.pk/web-development,3,2,2,2,2,2,3,1,1,3,3,3,2,1,2,3,2,3,2,2,2,0,1,3,3,0,1,0,1,0,0,1,2,2,1,1,0,3,3,0,13
https://zeracreative.com/website-development-company-pakistan/,3,2,2,2,3,3,3,2,2,3,3,3,2,1,3,3,2,2,2,2,2,0,1,3,3,3,2,0,2,2,0,1,2,2,1,1,0,3,2,2,14
https://www.goodfirms.co/directory/country/top-website-development-companies/pakistan,3,2,2,1,2,3,3,3,3,3,3,3,0,1,2,3,2,1,2,2,2,0,3,3,3,3,3,0,3,3,3,3,3,3,1,3,0,3,2,3,15
https://www.cubix.co/web-development,3,2,1,1,1,2,3,2,3,3,3,3,2,1,3,3,2,2,1,2,2,0,1,3,3,0,2,0,2,2,1,2,2,3,1,2,0,3,3,0,16
https://www.designveloper.com/guide/types-of-web-development-services/,3,2,1,1,1,1,3,2,3,3,3,3,2,1,2,3,2,2,2,2,2,0,1,2,3,3,3,0,3,3,1,1,2,2,0,3,0,3,3,3,17
https://agencypartner.com/what-are-the-most-common-web-development-services/,3,2,2,1,2,1,0,3,2,3,3,0,0,1,2,3,2,2,2,2,2,0,1,3,3,0,2,0,2,3,1,2,2,2,1,2,0,3,2,3,18
https://web.dev/learn/,3,1,1,0,0,0,3,3,3,3,3,3,1,2,2,3,2,2,2,2,2,0,1,3,3,0,3,0,3,3,1,1,2,1,0,3,0,3,3,0,19
https://www.icreativez.com/,3,1,1,1,1,1,3,2,3,3,3,3,0,1,2,3,2,3,2,2,1,0,1,3,3,0,2,0,2,2,1,1,1,2,1,2,0,2,2,0,20
https://www.hostinger.com/tutorials/web-development-company,3,1,1,1,1,2,3,3,3,3,3,3,2,1,2,3,2,2,2,2,2,0,2,3,3,3,3,0,3,3,1,1,3,3,0,3,0,3,2,2,21
https://logodesigner.pk/web-development-services,3,1,1,1,1,1,3,1,1,3,3,3,2,1,2,3,2,3,2,2,2,0,1,3,3,0,1,0,1,0,0,1,2,2,1,1,0,3,3,2,22
https://webtors.com/,3,1,1,1,1,1,3,2,1,3,3,0,0,2,2,3,2,3,1,2,2,0,2,3,3,3,2,0,2,2,1,1,2,2,1,1,0,3,3,2,23
https://fullscale.io/blog/types-web-development-services/,3,1,1,1,1,1,3,2,2,3,3,3,0,1,2,3,2,2,2,2,2,0,1,3,3,3,2,0,2,2,1,1,2,2,1,1,0,3,3,2,24
https://www.perceptionsystem.com/web-development/,3,1,1,0,0,0,3,2,2,3,3,3,1,1,2,3,2,2,1,2,2,0,1,3,3,0,2,0,2,2,1,1,2,2,1,1,0,3,2,3,25
https://www.g2.com/categories/web-developers,3,1,0,0,0,0,3,3,3,3,3,3,0,2,2,0,2,2,2,2,2,0,2,3,3,3,3,0,3,3,3,2,3,3,0,3,0,3,2,2,26
https://websouls.com/web-development,3,1,1,1,1,0,3,2,2,0,3,3,1,1,1,0,1,2,1,2,2,0,1,3,3,0,1,0,3,1,1,1,1,2,1,1,0,3,2,0,27
https://www.softsolutions.com.pk/web-designing,3,1,1,1,0,0,3,2,2,3,3,0,0,1,2,0,2,2,1,2,2,0,1,3,3,0,1,0,2,1,1,1,1,2,1,1,0,3,2,0,28
https://blog.hubspot.com/website/website-development,3,2,1,1,3,3,3,3,2,3,3,3,0,2,2,3,2,2,2,2,2,0,2,3,3,3,3,0,3,3,1,1,3,3,0,3,0,3,2,0,29
https://www.nextsol.pk/,3,1,1,1,1,1,3,1,1,3,3,3,0,2,2,3,2,2,1,2,2,0,2,3,3,0,1,0,1,0,1,1,1,1,1,1,0,3,2,2,30
https://www.webdesigncompany.com.pk/,3,1,1,1,1,1,3,1,1,3,3,3,0,1,2,0,2,2,1,2,2,0,1,3,3,0,1,0,1,1,0,1,1,1,1,1,0,3,2,3,31
https://www.designrush.com/agency/web-development-companies/pk,3,1,1,1,0,0,3,3,2,3,3,3,1,1,2,0,2,1,1,2,2,0,1,3,3,0,3,0,3,3,3,1,2,2,1,2,0,3,2,3,32
https://digitalchores.co/website-design-development-services/,3,1,1,1,0,0,3,1,1,3,3,3,0,1,2,3,2,2,1,2,2,0,1,3,3,0,1,0,1,1,3,1,1,1,1,1,0,2,2,3,33
https://www.businesslist.pk/companies/web-development-services,3,1,0,0,0,0,3,1,1,0,3,3,1,1,2,0,1,3,2,2,2,0,1,3,3,0,1,0,2,1,1,1,3,2,1,1,0,2,2,0,34
https://www.sortlist.com/web-development/pakistan-pk,3,1,1,1,2,2,3,3,3,3,3,3,2,1,2,3,2,1,1,2,2,0,1,3,3,0,2,0,3,2,1,1,2,2,1,2,0,2,2,3,35
https://www.computerscience.org/careers/web-developer/,3,1,2,1,2,2,3,2,2,3,3,3,1,2,2,3,2,2,1,2,2,0,2,3,3,3,1,0,2,1,1,1,1,2,1,2,0,3,2,2,36
https://www.netsolutions.com/web-development-company,3,1,0,0,1,1,3,2,2,3,3,3,0,1,2,3,0,2,1,2,1,0,1,3,3,0,2,0,2,2,1,1,1,1,1,2,0,3,2,2,37
https://www.cloudways.com/blog/web-development-companies/,3,1,2,2,2,1,3,3,3,0,3,0,2,1,2,3,2,2,1,2,1,0,1,3,3,3,3,0,3,3,1,1,1,2,0,2,0,3,2,3,38
https://www.chetu.com/solutions/web-development.php,3,1,2,2,2,2,3,2,2,3,3,3,3,1,2,3,2,2,2,2,2,0,1,3,3,3,2,0,3,2,1,1,1,2,1,2,0,3,2,3,39
https://www.techopedia.com/definition/23889/web-development,3,1,1,1,1,1,3,3,3,3,3,0,2,1,2,3,2,2,1,1,2,0,1,3,3,0,3,0,3,3,3,1,2,3,1,3,0,3,2,0,40
https://riseuplabs.com/web-development/,3,2,2,2,3,2,0,2,1,3,3,3,1,1,2,3,1,3,2,1,2,0,1,3,3,0,1,0,1,1,1,1,2,2,1,1,0,3,1,2,41
https://www.seoworks.co.uk/website-development-design/web-development-services/,3,2,2,1,1,2,3,2,1,3,3,3,0,2,1,3,1,1,2,1,2,0,2,3,3,0,1,0,2,2,3,1,2,1,2,1,0,3,2,2,42
https://en.wikipedia.org/wiki/Web_development,3,1,2,1,2,1,3,3,3,0,3,2,2,3,1,3,1,2,2,2,1,0,3,3,3,0,3,0,3,3,3,1,3,2,2,3,0,3,2,3,43
https://www.webdevelopment.com.pk/,3,3,2,2,2,2,3,1,1,0,2,2,1,1,1,0,1,0,1,2,2,0,1,2,3,0,0,0,1,1,0,1,1,1,2,0,0,3,3,2,44
https://www.w3schools.com/whatis/,3,1,1,1,1,0,1,3,3,0,2,3,1,3,2,0,2,2,1,2,3,0,3,3,3,2,3,0,3,3,3,2,2,2,1,3,0,3,3,0,45
https://themanifest.com/web-development/companies,3,1,1,1,1,0,3,3,3,0,3,3,0,1,3,2,2,1,1,3,2,0,1,3,3,0,2,0,3,3,0,1,3,2,0,3,0,3,2,0,46
https://www.signitysolutions.com/custom-web-application-development,3,1,1,0,0,0,3,2,2,3,3,3,0,1,3,1,1,1,2,2,2,0,1,3,3,0,1,0,2,1,0,1,2,2,1,1,0,3,2,0,47
https://www.coursera.org/articles/web-developer,3,1,1,1,1,1,3,3,3,3,3,3,3,3,3,3,2,2,1,2,2,0,3,3,3,3,3,0,3,3,0,1,2,2,0,3,0,3,3,0,48
https://www.fastservices.pk/web-development,3,1,1,0,0,0,3,1,0,3,3,3,1,1,2,3,1,3,1,2,2,0,1,3,3,0,0,0,1,0,0,0,0,1,2,0,0,3,0,0,49
https://www.mansooryousaf.com/,3,1,1,1,1,1,3,2,1,3,3,3,0,1,2,3,2,3,1,1,1,0,2,3,3,0,1,0,2,1,0,1,1,2,2,1,0,3,2,0,50
https://www.webdesigning.com.pk/,3,1,1,1,0,0,3,1,1,3,3,0,0,1,2,3,1,3,1,1,1,0,1,3,3,0,1,0,1,1,0,1,1,1,2,0,0,3,1,0,51
https://www.mockplus.com/blog/post/best-web-development-software,3,1,1,0,0,0,3,3,2,3,3,0,3,1,1,3,1,1,2,2,2,0,1,3,3,3,3,0,3,3,1,1,2,1,1,2,0,3,2,3,52
https://www.webfx.com/web-development/services/,3,1,2,2,2,1,3,2,2,3,3,3,1,1,1,3,1,2,1,1,2,0,2,2,3,3,2,0,3,2,1,1,2,1,1,2,0,3,2,2,53
https://www.webdevelopersacademy.com/,3,1,1,0,0,0,3,1,0,1,2,3,0,3,1,2,1,2,2,1,2,0,2,3,3,0,2,1,1,1,3,1,1,1,2,0,0,3,1,2,54
https://www.hubsol.com/,3,1,1,2,2,2,3,1,1,3,3,3,0,3,2,3,3,1,2,2,2,0,3,3,3,0,0,0,1,1,0,2,2,1,1,1,0,3,2,0,55
https://graphiters.com/web-design/,3,2,1,2,2,2,3,2,1,3,3,3,2,2,2,3,1,2,1,2,2,0,1,3,3,3,1,0,2,1,0,2,2,1,1,1,0,3,2,2,56
https://designsvalley.com/web-development-services/,3,1,1,1,1,1,3,1,1,3,3,1,3,2,2,3,1,2,2,1,1,0,1,3,3,0,1,0,2,2,0,1,1,1,1,3,0,3,2,0,57
https://www.netrootstech.com/website-development-services/,3,1,2,1,1,0,0,1,0,3,3,0,2,3,2,3,2,3,2,1,2,0,2,3,3,0,1,0,2,1,0,2,1,1,1,0,0,3,2,3,58
https://thriveagency.com/digital-marketing-services/web-design/,3,1,1,2,2,2,3,2,1,3,3,3,2,0,2,3,1,3,2,2,2,0,2,3,3,0,1,0,1,1,0,1,1,1,2,1,0,3,2,1,59
https://brainstation.io/career-guides/how-to-become-a-web-developer,3,1,2,1,1,1,3,2,1,3,3,3,1,1,2,3,1,1,1,1,2,0,1,3,3,3,2,0,2,2,3,1,1,1,1,2,0,3,2,3,60
https://www.capterra.com/resources/what-is-a-web-development-company/,3,1,1,1,1,1,3,2,2,0,3,0,2,2,1,0,3,1,2,1,2,0,3,3,3,0,3,0,3,2,0,1,1,2,1,2,0,3,2,3,61
https://relevant.software/web-development/,3,1,1,2,1,1,3,3,3,3,3,3,3,1,1,3,2,2,2,1,2,0,2,2,3,0,3,0,3,3,3,2,2,1,1,2,0,3,2,3,62
https://appinventiv.com/web-application-development/,3,2,1,1,1,1,3,2,1,3,3,0,2,1,2,3,1,2,2,2,2,0,1,3,3,3,1,0,2,2,3,1,2,2,1,2,0,3,2,0,63
https://topdeals.pk/karachi/private/2092/professional-web-development-services,3,1,0,1,1,1,3,2,3,3,3,2,2,1,3,3,1,2,2,2,2,0,1,3,3,0,3,2,2,2,0,1,1,2,1,2,3,3,2,3,64
https://scopicsoftware.com/web-development/,3,1,2,0,0,0,3,1,1,3,3,3,2,1,2,3,1,3,1,2,2,0,0,3,3,0,0,0,1,1,1,1,1,1,2,0,0,3,1,3,65
https://www.dealmarkaz.pk/items/category-software-web-development/p-website-development,3,1,0,1,2,1,3,2,1,3,3,3,1,1,1,3,1,2,1,1,1,0,0,3,3,0,1,0,2,2,0,1,2,1,1,1,0,3,2,0,66
https://www.softude.com/blog/why-website-design-development-is-important-and-how-it-helps-in-making-your-business-profitable,3,1,1,0,0,0,3,1,2,3,3,2,1,1,2,3,1,1,1,1,1,0,1,3,3,0,1,1,1,1,0,1,1,1,1,1,0,1,1,3,67
https://bwlogics.com/,3,1,2,1,2,2,3,1,1,3,3,3,1,3,1,3,1,0,0,3,2,0,1,3,3,0,1,0,1,1,1,1,1,1,1,1,0,3,1,0,68
https://www.bluefrontier.co.uk/services/development/web-development,3,1,2,2,2,1,3,1,1,3,3,3,0,1,2,2,1,2,2,1,2,0,1,3,3,0,1,0,1,1,1,1,1,1,1,1,0,3,1,2,69
https://www.zibtek.com/blog/website-development-services/,3,1,2,1,1,2,0,2,2,0,3,3,2,2,2,0,2,3,2,1,2,0,3,3,3,0,2,0,2,2,0,1,1,1,1,1,0,3,1,2,70
https://www.freshconsulting.com/services/software/website-development/,3,1,1,1,1,1,3,2,2,3,3,0,1,1,1,0,1,1,1,1,1,0,1,3,3,0,1,0,2,1,0,1,1,1,1,1,0,3,2,3,71
https://logochemist.com/website-design-development-services,3,1,1,1,1,2,3,2,3,0,3,3,1,1,1,3,1,0,1,1,1,0,1,3,3,0,1,0,2,1,1,0,1,1,1,1,0,3,1,2,72
https://www.toptal.com/web,3,2,1,1,1,1,3,2,2,3,2,0,2,1,1,0,1,0,1,1,1,0,1,3,3,0,1,0,2,1,0,1,0,1,1,1,0,3,1,0,73
https://www.nixsolutions.com/services/web-development-services/,3,1,0,0,1,1,3,2,2,3,3,1,1,2,1,3,2,0,1,1,2,0,2,3,3,3,3,0,1,2,3,1,1,1,2,2,0,3,2,0,74
https://www.corvit.com/systems/web-development-training/,3,1,2,0,0,0,3,2,2,3,3,3,1,1,2,3,1,2,1,1,1,0,1,3,3,3,1,0,2,1,3,1,1,1,1,1,0,3,1,2,75
https://www.marketingwebdevelopment.agency/,3,1,0,1,2,1,3,1,1,0,3,3,1,1,2,3,1,2,1,2,1,0,1,3,3,0,1,0,1,1,0,1,1,0,2,1,0,2,1,2,76
https://www.kellton.com/services/back-end-development,3,1,0,0,0,0,3,1,0,0,1,3,1,0,1,0,1,0,1,1,1,0,1,3,3,0,1,0,0,1,0,1,1,1,1,1,0,3,1,0,77
https://www.theedigital.com/web-design,3,0,0,0,1,1,3,2,2,3,3,2,1,1,2,3,1,1,1,1,1,0,1,3,3,3,1,0,1,1,1,1,1,1,1,2,0,3,1,3,78
https://techbehemoths.com/companies/web-development/islamabad,3,0,0,1,1,1,3,2,1,3,3,3,1,0,2,3,1,3,1,1,1,0,1,3,3,0,1,0,2,1,1,1,1,1,1,1,0,3,1,2,79
https://www.mainstreethost.com/web-design-services/,3,1,0,0,1,0,3,2,2,3,3,1,1,1,2,3,1,0,1,1,1,0,1,3,3,0,2,0,2,1,1,1,1,1,1,2,0,3,2,3,80
https://firstideaweb.com/,3,0,1,0,1,1,0,2,2,3,3,3,1,1,2,3,1,1,1,2,1,0,1,3,3,3,1,0,3,1,3,1,1,1,1,1,0,3,2,3,81
https://www.edx.org/learn/web-development,3,1,1,1,0,0,3,2,2,3,3,1,1,2,1,3,1,1,1,1,1,0,2,3,3,0,1,0,2,1,1,1,1,1,1,1,0,3,2,3,82
https://www.velvetech.com/web-application-development/,3,1,2,0,0,0,3,3,2,0,3,3,1,1,2,3,1,0,1,1,1,0,1,3,3,0,1,0,3,2,1,1,2,1,1,2,0,3,2,3,83
https://brainhub.eu/library/top-web-app-development-companies,3,1,1,1,1,2,3,2,2,3,3,3,1,1,2,3,2,1,1,1,2,0,1,3,3,0,1,0,2,2,2,2,2,1,1,1,0,3,2,3,84
https://www.outerboxdesign.com/web-design/website-development-consulting,3,1,2,0,0,0,3,2,1,3,3,3,1,1,2,3,1,2,1,1,1,0,1,3,3,3,1,0,2,2,3,1,1,1,1,2,0,3,2,3,85
https://www.soapmedia.co.uk/services/web-development-agency/,3,1,1,2,2,1,3,2,2,3,2,1,1,1,2,3,1,1,1,1,1,0,1,3,3,0,2,0,3,2,3,1,1,1,1,2,0,3,2,0,86
https://careerfoundry.com/en/blog/web-development/what-does-it-take-to-become-a-web-developer-everything-you-need-to-know-before-getting-started/,3,1,2,0,0,0,3,2,2,3,3,3,1,1,1,0,1,2,1,1,0,0,1,3,3,3,1,0,2,1,1,1,1,1,1,1,0,3,2,3,87
https://developer.android.com/,3,1,0,2,1,2,3,2,2,3,3,0,1,1,1,3,2,2,1,1,1,0,1,3,3,0,2,0,3,2,1,1,1,1,1,1,0,3,2,3,88
https://www.ranglerz.com/web-developer-pakistan.php,3,0,1,0,0,1,3,3,3,3,3,1,2,0,3,3,2,1,0,2,2,0,0,3,3,3,1,0,3,1,1,1,1,1,1,3,0,3,1,3,89
https://onix-systems.com/web-design-and-development,3,1,0,1,1,1,3,2,1,3,3,1,1,2,2,3,2,1,1,2,1,0,1,3,3,3,1,0,2,1,0,1,1,1,1,1,0,3,1,3,90
https://f5-studio.com/,3,0,1,0,0,0,3,2,1,3,3,3,1,0,1,0,1,1,1,1,1,0,1,3,3,0,1,0,2,1,1,1,1,1,1,1,0,3,1,3,91
https://www.skypotential.com/blog/benefits-of-web-development/,3,1,0,1,1,1,3,2,1,3,3,1,1,1,1,3,1,2,1,1,1,0,1,3,3,0,1,0,1,1,1,1,1,1,1,1,0,3,1,2,92
https://virtuenetz.pk/service/shopify-development-services/,3,0,0,0,1,1,3,1,1,3,3,3,1,0,2,3,1,2,1,1,1,0,0,3,3,0,1,0,1,1,1,1,1,1,1,1,3,3,2,3,93
https://www.dotcominfoway.com/blog/web-design-and-development-guide/#gref,3,0,1,0,0,0,3,1,1,3,3,2,1,1,1,3,1,1,1,1,1,0,0,3,3,0,1,0,1,1,0,1,1,1,1,1,0,3,1,3,94
https://tms-outsource.com/blog/posts/web-technologies/,3,1,0,0,1,0,3,2,2,3,3,1,1,1,1,3,1,1,1,1,1,0,1,3,3,3,2,0,2,1,1,1,1,1,1,2,0,3,1,2,95
https://www.megamarketingnetwork.com/web-development-and-designing/,3,1,1,0,0,1,3,2,2,0,3,2,1,0,1,0,1,2,1,1,2,0,0,3,3,0,1,0,2,1,1,1,1,1,1,1,0,3,1,0,96
https://purplefire.io/web-development/,3,1,2,0,0,1,3,1,0,3,3,3,1,0,2,3,1,3,0,1,0,0,0,3,3,0,1,0,1,0,1,1,1,1,2,1,0,3,0,3,97
https://flexiple.com/web/,3,2,0,2,1,2,3,1,1,3,3,3,1,0,2,3,2,2,2,1,2,0,0,3,3,3,1,0,1,1,3,1,1,1,1,1,0,3,2,2,98
https://it.wisc.edu/services/web-development-services/,3,0,1,0,0,1,0,2,2,3,3,0,1,0,1,3,1,0,1,1,2,0,0,3,3,3,1,0,2,1,3,1,1,1,1,1,0,3,2,2,99
https://www.betterteam.com/web-developer-job-description,3,1,1,1,0,0,3,3,3,3,3,3,1,0,2,3,1,1,1,1,1,0,0,3,3,3,1,0,3,2,3,1,1,2,1,1,0,3,2,3,100
https://techliance.com/web-development-services,3,1,1,1,1,0,3,2,1,3,3,3,1,1,2,3,1,2,1,1,1,0,1,3,3,0,1,0,2,1,3,1,1,1,1,1,0,3,2,3,101
https://www.startupgrind.com/blog/5-tips-for-choosing-the-right-web-development-company/,3,1,1,0,0,1,3,2,2,3,3,3,1,1,2,3,1,2,1,1,2,0,0,3,3,3,1,0,2,1,1,1,1,1,1,2,0,3,2,3,102
https://www.wordstream.com/popular-keywords/web-developement-keywords,3,1,2,1,1,1,3,3,3,3,3,3,3,0,1,3,1,1,1,1,1,0,1,3,3,3,1,0,3,3,3,1,1,0,1,1,0,3,2,1,103
https://www.ccny.cuny.edu/it/as,3,2,2,1,1,1,3,2,2,3,3,3,3,0,2,3,1,1,1,1,2,0,0,3,3,3,1,0,3,2,1,1,1,1,1,2,0,3,2,1,104
https://www.pixelcrayons.com/web-development/,3,3,2,1,1,2,3,2,2,3,3,3,1,1,2,3,1,1,1,1,2,0,1,3,3,3,1,0,2,1,1,1,1,1,1,1,0,3,2,1,105
https://www.brainvire.com/php-website-development-services/,3,1,1,1,1,0,3,2,1,0,3,3,1,1,2,0,2,2,1,1,0,0,0,3,3,0,1,0,2,1,3,1,1,1,1,1,0,3,0,0,106
https://www.digiteum.com/web-portal-development/,3,0,0,0,1,2,3,2,1,3,3,0,1,0,2,3,2,2,0,1,1,0,0,3,3,0,1,0,2,1,1,1,1,1,2,2,0,3,1,3,107
https://wds.princeton.edu/,3,2,1,2,1,2,3,1,1,3,3,3,1,2,2,3,1,2,2,2,2,0,2,3,3,3,0,0,1,0,0,1,1,1,1,0,0,3,2,0,108
https://www.orangemantra.com/services/ecommerce-web-development/,3,1,0,0,1,1,3,2,1,3,3,3,1,0,2,3,1,2,1,1,1,0,0,3,3,0,1,0,2,1,3,1,1,1,1,1,0,3,2,3,109
https://www.aress.com/web-development-design.php,3,2,1,1,1,1,3,2,1,3,3,3,1,1,2,0,2,2,1,2,1,0,1,3,3,3,1,0,1,1,1,1,1,1,1,1,0,3,2,3,110
https://www.bounteous.com/services/custom-web-product-development,3,0,0,0,0,2,3,2,1,3,3,3,1,0,1,0,1,2,0,1,1,0,1,3,3,0,1,0,2,1,1,1,1,1,1,1,0,3,2,3,111
https://www.searchenginejournal.com/seo-basics-for-web-developers/450807/,3,0,0,0,1,2,3,3,3,3,3,3,3,0,2,3,2,2,1,1,1,0,1,3,3,0,1,0,3,2,3,1,1,2,1,1,0,3,2,3,112
https://nutech.edu.pk/about/university-offices-2/ict-office/services/software-and-application-services/web-development/,3,0,0,0,1,2,3,1,1,3,3,0,2,1,2,0,2,2,1,1,1,0,0,3,3,3,1,0,1,1,1,1,1,1,1,1,0,3,2,0,113
https://elementor.com/blog/web-designer-vs-web-developer/,3,0,0,0,0,2,3,3,3,3,3,3,2,0,2,3,2,1,0,1,2,0,0,3,3,3,2,0,3,2,3,2,2,1,1,2,0,3,2,3,114
https://www.wgu.edu/career-guide/information-technology/web-developer-career.html,3,0,0,0,1,2,3,2,2,3,3,0,1,0,2,3,1,2,0,1,2,0,0,3,3,3,1,0,3,2,1,1,1,1,1,1,0,3,2,3,115
https://lineart.com.pk/web-development-services-in-zahir-pir/,3,2,1,1,1,0,3,1,1,3,3,0,1,0,1,3,1,1,1,1,0,0,0,3,3,3,1,0,0,0,0,0,0,1,1,1,0,3,1,3,116
https://businessdegrees.uab.edu/blog/web-developer-vs-software-developer-whats-the-difference/,3,0,1,1,1,2,3,2,1,3,3,0,1,0,2,3,1,1,1,1,1,0,1,3,3,3,1,0,2,1,1,1,2,1,1,1,0,3,1,3,117
https://www.webhopers.com/top-web-development-companies-in-noida,3,1,1,1,0,0,3,2,1,3,3,0,1,0,2,3,2,2,1,1,2,0,0,3,3,0,1,0,2,1,1,1,1,1,1,1,0,3,1,3,118
https://www.digital4design.com/how-to-make-your-business-sell-with-web-development-services/,3,1,1,1,1,0,0,2,1,3,3,0,1,0,1,3,2,2,1,1,1,0,0,3,3,0,1,0,2,1,1,1,1,1,1,2,0,3,2,0,119
https://www.forbes.com/advisor/education/become-a-web-developer/,3,1,1,0,0,0,3,3,3,3,3,3,1,0,2,3,2,1,0,2,2,0,0,3,3,3,1,0,3,2,3,1,2,2,0,2,0,3,2,3,120
https://www.truelogic.com.ph/web-design/,3,0,0,0,1,1,3,1,0,3,3,0,1,0,1,3,2,3,1,1,1,0,0,3,3,3,0,0,1,0,0,1,0,1,2,0,0,3,2,2,121
https://ied.eu/blog/the-importance-of-web-design-and-development-in-business/,3,0,1,1,1,2,3,2,2,0,3,3,1,0,2,3,2,1,1,2,2,0,1,3,3,3,1,0,2,1,1,1,1,1,1,1,0,3,2,1,122
https://webdeveloper.com/,3,3,2,2,2,0,3,2,2,3,2,0,1,0,2,0,1,1,1,1,0,0,0,3,3,0,1,0,3,1,1,1,0,1,1,2,0,3,2,0,123
https://www.turing.com/resources/web-development-process,3,1,1,0,0,2,3,2,2,3,2,0,1,0,2,0,1,2,1,2,2,0,1,3,3,0,1,0,3,1,1,1,2,2,1,1,0,3,2,0,124
https://andersenlab.com/services/web-development,3,1,1,1,1,1,3,2,2,0,3,3,0,0,3,3,2,1,1,1,2,0,0,3,3,0,1,0,2,1,3,1,1,1,0,1,0,3,2,3,125
https://www.onetonline.org/link/summary/15-1254.00?redir=15-1134.00,3,0,0,0,0,0,1,3,3,0,3,0,1,0,2,3,1,1,1,1,1,0,0,3,3,0,2,0,2,3,3,1,1,2,0,2,0,3,0,0,126
https://theappsolutions.com/blog/development/tips-how-to-hire-web-developer/,3,0,0,1,1,2,3,2,2,3,3,3,1,0,1,3,1,2,1,1,2,0,1,3,3,0,1,0,2,1,3,1,2,2,1,1,0,3,2,3,127
https://polypane.app/,3,0,0,0,1,2,3,2,2,3,3,0,2,0,2,3,1,2,1,1,2,0,0,3,3,0,1,0,2,1,3,2,2,1,1,1,0,3,2,3,128
https://bootcamp.berkeley.edu/resources/coding/learn-web-development/what-does-a-front-end-web-developer-do/,3,0,0,1,2,1,3,2,2,3,3,3,0,0,2,3,2,2,0,2,2,0,0,3,3,0,1,0,3,2,3,1,1,2,0,1,0,3,2,3,129
https://australia.generation.org/programs/web-development/,3,0,0,0,0,1,3,2,2,3,3,0,1,0,1,3,2,2,1,1,1,0,0,3,3,0,1,0,3,1,3,1,1,2,0,1,0,3,2,0,130
https://valsatechcorp.com/emerging-technologies/web-development,3,0,0,0,0,1,3,1,0,3,3,0,1,0,2,0,1,1,1,0,2,0,0,3,3,0,1,0,0,0,0,1,1,1,2,0,0,3,1,0,131
https://magenest.com/en/website-development-and-design/,3,0,0,0,1,1,3,2,2,3,3,3,0,0,2,3,2,1,1,1,2,0,0,3,3,3,1,0,3,2,1,1,1,2,0,1,0,3,2,3,132
https://www.wandzilakwebdesign.com/,3,0,1,1,1,0,3,2,2,3,2,2,1,0,0,3,3,1,1,1,0,0,1,3,3,0,1,0,1,1,0,1,0,1,1,1,0,3,0,0,134
https://www.unitedsol.net/,3,2,2,1,1,1,3,2,2,3,3,0,0,1,2,3,2,2,1,2,2,0,1,3,3,0,1,0,2,1,1,1,1,1,1,1,0,3,3,2,134
https://www.dreamhost.com/pro-services/development/,3,0,0,0,1,2,3,3,3,3,3,0,1,1,2,0,2,1,1,1,1,0,1,3,3,3,2,0,3,2,1,1,1,2,0,2,0,3,2,0,135
https://www.marceldigital.com/services/website-development,3,2,1,1,2,1,3,1,1,3,3,0,1,1,2,3,2,2,1,1,2,0,1,3,3,0,1,0,2,1,1,1,1,1,1,0,0,3,2,3,136
https://www.theforage.com/blog/careers/web-development,3,0,0,1,1,1,3,2,2,0,3,3,1,0,2,3,2,2,1,1,1,0,0,3,3,0,1,0,3,2,1,1,1,2,1,1,0,3,2,0,137
https://www.digitalsilk.com/web-development/custom-web-development/,3,0,1,0,0,2,3,2,2,3,3,3,1,0,2,3,2,2,1,1,2,0,0,3,3,0,1,0,3,1,1,1,1,2,1,1,0,3,2,3,138
https://railsware.com/web/,3,2,1,1,1,0,3,2,2,3,3,3,0,1,2,3,2,2,1,1,1,0,1,3,3,3,1,0,3,1,1,1,1,2,1,1,0,3,2,0,139
https://www.valuecoders.com/web-application-development,3,2,2,2,2,2,3,2,2,3,3,3,1,1,2,3,2,2,2,1,2,0,1,3,3,3,1,0,1,1,2,1,1,2,1,1,0,3,2,3,140
https://builtin.com/software-engineering-perspectives/web-development,3,0,0,1,1,2,3,3,3,3,3,0,0,1,2,3,2,2,1,1,1,0,1,0,3,3,1,0,3,1,1,1,1,2,1,1,0,3,2,3,141
https://dir.indiamart.com/impcat/website-development-services.html,3,0,0,0,0,1,3,2,2,0,3,3,1,1,2,3,2,1,0,1,1,0,0,3,3,0,1,0,3,1,3,1,2,2,1,1,0,3,2,0,142
https://www.pandadoc.com/website-development-agreement-template/,3,1,0,0,1,1,3,2,2,3,3,3,0,1,2,3,2,2,1,1,1,0,0,3,3,3,1,0,2,1,2,1,1,2,0,1,0,3,2,1,143
https://www.udacity.com/blog/2020/12/front-end-vs-back-end-vs-full-stack-web-developers.html,3,1,0,0,1,1,3,2,2,3,0,0,1,0,2,3,2,1,1,1,1,0,0,3,3,0,1,0,3,2,3,1,1,2,1,1,0,3,2,0,144
https://www.globalonlinepublishing.com/web-development,3,2,1,1,1,1,3,1,0,3,2,3,1,0,2,3,2,2,1,1,1,0,0,3,3,0,1,0,1,0,0,1,0,1,0,0,0,3,2,0,145
https://www.beacontechnologies.com/services/web-development/default.aspx,3,2,1,1,1,2,3,2,2,0,3,3,2,0,2,3,1,1,1,1,1,0,0,3,3,0,1,0,2,1,1,1,1,1,1,1,0,3,2,0,146
https://www.techtarget.com/searchcloudcomputing/definition/web-application-development,3,1,1,1,1,1,3,3,3,3,3,3,1,0,2,3,2,1,1,1,1,0,0,3,3,3,1,0,3,2,1,1,1,2,1,1,0,3,1,1,147
https://katapult.marketing/service/website-development/,3,2,1,2,1,2,3,2,1,3,3,3,2,0,2,3,1,1,1,1,1,0,0,3,3,3,1,0,1,0,0,1,1,1,2,1,3,3,2,3,148
https://www.springboard.com/blog/software-engineering/best-web-dev-certifications/,3,0,0,1,1,1,3,2,2,3,3,3,1,0,2,3,2,1,1,1,2,0,0,3,3,0,1,0,3,1,1,1,1,1,1,2,0,3,2,1,149
https://www.softwaresuggest.com/services/web-development-companies,3,0,0,0,0,1,3,3,2,3,3,3,1,0,2,3,1,2,1,1,2,0,0,3,3,0,1,0,3,1,1,1,1,0,1,1,0,3,1,1,150
https://oploxtech.com/blog/top-10-benefits-of-hiring-a-professional-web-development-company/,3,0,0,0,1,1,0,3,2,3,2,0,1,1,1,3,1,2,0,1,2,0,1,3,3,0,1,0,2,1,1,1,1,1,1,1,0,3,1,1,151
https://www.vtnetzwelt.com/services/web-app-development/,3,2,2,2,2,2,3,1,0,3,3,0,1,1,1,3,1,1,1,1,2,0,1,3,3,0,1,0,1,0,1,1,0,1,2,1,0,3,1,1,152
https://www.rasmussen.edu/degrees/technology/blog/everything-about-becoming-web-developer/,3,1,1,1,1,2,3,2,2,3,3,3,2,0,1,3,1,1,1,1,1,0,0,3,3,3,1,0,3,2,3,1,1,1,1,1,0,3,1,1,153
https://www.netmatico.com/services/web-development,3,3,2,2,2,2,0,2,1,3,3,3,1,2,1,3,1,2,2,1,2,0,1,3,3,3,1,0,1,0,0,1,1,0,2,0,0,3,1,2,154
https://nicepage.com/sd/107805/web-development-services-website-design,3,2,2,1,1,1,3,3,3,0,3,0,2,0,2,0,1,2,2,1,2,0,1,3,3,3,1,0,3,2,3,1,1,2,1,2,0,3,2,1,155
https://www.mygreatlearning.com/web-development/free-courses,3,0,1,0,1,1,3,3,3,0,3,3,1,0,1,3,1,1,2,1,2,0,1,3,3,3,1,0,3,1,3,1,1,2,1,1,0,3,1,2,156
https://www.hostingsquare.in/professional-web-development-company.html,3,2,2,2,2,2,3,1,1,3,3,3,1,1,1,3,1,2,1,1,2,0,1,3,3,2,1,0,1,1,0,0,1,1,2,0,0,3,2,3,157
https://www.netleafinfosoft.com/our-blog/2020/01/21/why-do-you-need-web-development-services-for-your-business/,3,2,2,2,1,2,3,2,1,0,3,3,1,0,1,3,1,2,1,1,2,0,0,3,3,3,1,0,2,1,3,1,1,2,1,0,0,3,3,3,158
https://www.webhopers.com/top-web-development-companies-in-brighton,3,2,1,1,1,1,3,2,2,3,3,3,1,1,1,3,2,2,2,1,2,0,0,3,3,3,1,0,3,2,1,1,1,1,1,1,0,3,2,3,159
https://www.axiomcreation.com/expertise-in-web-development-service/,3,1,1,0,0,0,3,2,1,3,3,1,1,1,2,3,1,2,1,2,1,0,0,3,3,3,1,0,2,1,0,1,1,1,1,1,0,3,1,0,160
https://careers.astrazeneca.com/job/zapopan/jr-web-developer/7684/52680912272,3,0,0,0,0,1,3,2,2,3,2,0,1,0,1,0,1,2,1,1,1,0,1,3,3,0,1,0,2,1,3,1,2,1,1,1,0,3,2,0,161
https://www.probytes.net/prestashop-development-company/prestashop-website-development-services-company-2/,3,2,1,1,1,0,3,2,1,3,3,0,1,0,1,3,1,2,1,2,1,0,0,3,3,3,1,0,1,1,1,0,1,1,0,1,0,3,2,0,162
https://online.maryville.edu/online-bachelors-degrees/computer-science/careers/types-of-web-development/,3,0,0,0,0,2,3,2,1,3,3,3,2,0,2,3,1,2,1,1,2,0,0,3,3,3,1,0,3,1,1,1,2,1,1,1,0,3,2,3,163
https://developers.line.biz/en/,3,0,0,0,0,0,3,2,2,0,1,0,1,0,1,0,1,2,1,1,1,0,0,3,3,0,1,0,3,1,3,0,1,1,1,1,0,3,1,0,164
https://pll.harvard.edu/course/cs50s-web-programming-python-and-javascript,3,0,0,0,0,1,3,2,2,3,3,3,2,0,1,3,1,1,1,1,2,0,0,3,3,0,1,0,3,2,3,1,1,1,1,1,0,3,3,3,165
https://asepswebtech.com/web-development-services/,3,2,2,2,1,2,3,1,0,3,2,1,1,0,1,3,1,2,1,1,1,0,0,3,3,0,1,0,1,0,0,1,1,1,2,0,0,3,2,3,166
https://www.w3care.com/blog/how-custom-website-development-services-can-increase-sales-for-your-busines/,3,2,2,1,1,1,3,2,2,0,3,3,1,0,2,3,2,1,1,2,1,0,0,3,3,0,1,0,2,1,1,1,1,1,1,1,0,3,1,0,167
https://www.websoftvalley.com/web-designer-india/,3,0,0,0,1,1,3,2,2,3,2,1,1,1,2,3,1,2,0,0,2,0,0,3,3,3,1,0,2,1,1,1,1,1,1,1,0,3,2,2,168
https://tkxel.com/,3,0,0,0,0,0,0,2,2,3,3,3,1,0,2,3,1,0,0,1,1,0,0,3,3,3,1,0,1,1,3,1,1,1,1,1,0,3,2,1,169
https://symfony.com/,3,0,0,0,0,1,3,3,3,3,3,3,1,0,1,0,1,1,0,1,1,0,0,3,3,3,1,0,3,2,3,1,1,1,1,1,0,3,2,3,170
